folder                       dim  degree  refinements  shy  smoothing  threshold  gmg_iterations  gmg_solve_time  smoother_sweep_time  amg_iterations  amg_solve_time
2D_p1_ref2_shy1_smo1_th0.25  2    1       2            1    1          0.25       8               0.00144876      9.9558               1               0.000253725   
2D_p1_ref2_shy1_smo1_th0.5   2    1       2            1    1          0.5        8               0.00139941      9.0968               2               0.000271654   
2D_p1_ref2_shy1_smo1_th0.75  2    1       2            1    1          0.75       8               0.00132147      9.0528               2               0.000301874   
2D_p1_ref2_shy1_smo1_th1.    2    1       2            1    1          1.         6               0.00103621      8.9388               2               0.000284354   
2D_p1_ref2_shy1_smo2_th0.25  2    1       2            1    2          0.25       8               0.00167701      0.000103868          1               0.000271955   
2D_p1_ref2_shy1_smo2_th0.5   2    1       2            1    2          0.5        8               0.00161767      9.8638               2               0.000290254   
2D_p1_ref2_shy1_smo2_th0.75  2    1       2            1    2          0.75       7               0.00141588      0.000107508          2               0.000301974   
2D_p1_ref2_shy1_smo2_th1.    2    1       2            1    2          1.         5               0.00105712      9.4078               2               0.000309844   
2D_p1_ref2_shy1_smo3_th0.25  2    1       2            1    3          0.25       8               0.00206959      0.000130878          1               0.000280944   
2D_p1_ref2_shy1_smo3_th0.5   2    1       2            1    3          0.5        8               0.00184393      0.000121677          2               0.000301834   
2D_p1_ref2_shy1_smo3_th0.75  2    1       2            1    3          0.75       7               0.0015632       0.000107438          2               0.000298344   
2D_p1_ref2_shy1_smo3_th1.    2    1       2            1    3          1.         5               0.00121935      0.000106238          2               0.000304254   
2D_p1_ref2_shy2_smo1_th0.25  2    1       2            2    1          0.25       8               0.001376        9.4948               1               0.000267845   
2D_p1_ref2_shy2_smo1_th0.5   2    1       2            2    1          0.5        8               0.00129499      9.9868               2               0.000283925   
2D_p1_ref2_shy2_smo1_th0.75  2    1       2            2    1          0.75       8               0.00126585      8.2608               2               0.000279824   
2D_p1_ref2_shy2_smo1_th1.    2    1       2            2    1          1.         6               0.00098486      9.1958               2               0.000309334   
2D_p1_ref2_shy2_smo2_th0.25  2    1       2            2    2          0.25       8               0.00161154      9.7378               1               0.000247706   
2D_p1_ref2_shy2_smo2_th0.5   2    1       2            2    2          0.5        8               0.00153245      9.6658               2               0.000285954   
2D_p1_ref2_shy2_smo2_th0.75  2    1       2            2    2          0.75       7               0.00134811      0.000103108          2               0.000300354   
2D_p1_ref2_shy2_smo2_th1.    2    1       2            2    2          1.         5               0.00103926      9.4248               2               0.000291514   
2D_p1_ref2_shy2_smo3_th0.25  2    1       2            2    3          0.25       8               0.00187477      0.000112768          1               0.000262935   
2D_p1_ref2_shy2_smo3_th0.5   2    1       2            2    3          0.5        8               0.00179495      0.000109428          2               0.000294355   
2D_p1_ref2_shy2_smo3_th0.75  2    1       2            2    3          0.75       7               0.00152845      0.000104938          2               0.000304144   
2D_p1_ref2_shy2_smo3_th1.    2    1       2            2    3          1.         5               0.00115151      0.000102648          2               0.000314174   
2D_p1_ref2_shy3_smo1_th0.25  2    1       2            3    1          0.25       8               0.00127946      8.8668               1               0.000268055   
2D_p1_ref2_shy3_smo1_th0.5   2    1       2            3    1          0.5        8               0.0012058       8.7679               2               0.000311964   
2D_p1_ref2_shy3_smo1_th0.75  2    1       2            3    1          0.75       8               0.00115624      8.1299               2               0.000305904   
2D_p1_ref2_shy3_smo1_th1.    2    1       2            3    1          1.         6               0.000933241     8.7338               2               0.000293955   
2D_p1_ref2_shy3_smo2_th0.25  2    1       2            3    2          0.25       8               0.00147353      9.1688               1               0.000237815   
2D_p1_ref2_shy3_smo2_th0.5   2    1       2            3    2          0.5        8               0.00139147      0.000101628          2               0.000302094   
2D_p1_ref2_shy3_smo2_th0.75  2    1       2            3    2          0.75       7               0.00118001      9.7808               2               0.000316914   
2D_p1_ref2_shy3_smo2_th1.    2    1       2            3    2          1.         6               0.00105105      8.6988               2               0.000284834   
2D_p1_ref2_shy3_smo3_th0.25  2    1       2            3    3          0.25       8               0.00167389      9.9028               1               0.000244096   
2D_p1_ref2_shy3_smo3_th0.5   2    1       2            3    3          0.5        8               0.0015515       9.9898               2               0.000290565   
2D_p1_ref2_shy3_smo3_th0.75  2    1       2            3    3          0.75       7               0.00131502      9.3498               2               0.000301145   
2D_p1_ref2_shy3_smo3_th1.    2    1       2            3    3          1.         5               0.00102088      9.8358               2               0.000286724   
2D_p1_ref3_shy1_smo1_th0.25  2    1       3            1    1          0.25       10              0.0046484       0.000197866          2               0.000605608   
2D_p1_ref3_shy1_smo1_th0.5   2    1       3            1    1          0.5        10              0.00455421      0.000186716          2               0.000630658   
2D_p1_ref3_shy1_smo1_th0.75  2    1       3            1    1          0.75       10              0.00439085      0.000196756          1               0.000484251   
2D_p1_ref3_shy1_smo1_th1.    2    1       3            1    1          1.         8               0.00350017      0.000183496          2               0.000621328   
2D_p1_ref3_shy1_smo2_th0.25  2    1       3            1    2          0.25       9               0.00497518      0.000210506          2               0.000600358   
2D_p1_ref3_shy1_smo2_th0.5   2    1       3            1    2          0.5        9               0.00479178      0.000218725          2               0.000616258   
2D_p1_ref3_shy1_smo2_th0.75  2    1       3            1    2          0.75       9               0.00470232      0.000206626          1               0.000476131   
2D_p1_ref3_shy1_smo2_th1.    2    1       3            1    2          1.         7               0.00363717      0.000205136          2               0.000630938   
2D_p1_ref3_shy1_smo3_th0.25  2    1       3            1    3          0.25       9               0.00568178      0.000238006          2               0.000614428   
2D_p1_ref3_shy1_smo3_th0.5   2    1       3            1    3          0.5        9               0.00539911      0.000232096          2               0.000609548   
2D_p1_ref3_shy1_smo3_th0.75  2    1       3            1    3          0.75       9               0.0052707       0.000233555          1               0.000476241   
2D_p1_ref3_shy1_smo3_th1.    2    1       3            1    3          1.         6               0.00370145      0.000232816          2               0.000638488   
2D_p1_ref3_shy2_smo1_th0.25  2    1       3            2    1          0.25       10              0.00446886      0.000182656          2               0.000608038   
2D_p1_ref3_shy2_smo1_th0.5   2    1       3            2    1          0.5        10              0.0043525       0.000194186          2               0.000628037   
2D_p1_ref3_shy2_smo1_th0.75  2    1       3            2    1          0.75       10              0.00426437      0.000178877          1               0.000476141   
2D_p1_ref3_shy2_smo1_th1.    2    1       3            2    1          1.         8               0.0033408       0.000188767          2               0.000632568   
2D_p1_ref3_shy2_smo2_th0.25  2    1       3            2    2          0.25       9               0.0047519       0.000210586          2               0.000625128   
2D_p1_ref3_shy2_smo2_th0.5   2    1       3            2    2          0.5        9               0.00457532      0.000205886          2               0.000620978   
2D_p1_ref3_shy2_smo2_th0.75  2    1       3            2    2          0.75       9               0.00451601      0.000202886          1               0.000466441   
2D_p1_ref3_shy2_smo2_th1.    2    1       3            2    2          1.         7               0.00355367      0.000197286          2               0.000617568   
2D_p1_ref3_shy2_smo3_th0.25  2    1       3            2    3          0.25       9               0.00525701      0.000226445          2               0.000616127   
2D_p1_ref3_shy2_smo3_th0.5   2    1       3            2    3          0.5        9               0.00518897      0.000223796          2               0.000600978   
2D_p1_ref3_shy2_smo3_th0.75  2    1       3            2    3          0.75       9               0.00514482      0.000231426          1               0.00047638    
2D_p1_ref3_shy2_smo3_th1.    2    1       3            2    3          1.         6               0.0035218       0.000217626          2               0.000619628   
2D_p1_ref3_shy3_smo1_th0.25  2    1       3            3    1          0.25       10              0.00419983      0.000193796          2               0.000599738   
2D_p1_ref3_shy3_smo1_th0.5   2    1       3            3    1          0.5        10              0.00411423      0.000174347          2               0.000616817   
2D_p1_ref3_shy3_smo1_th0.75  2    1       3            3    1          0.75       10              0.0039337       0.000187847          1               0.00050117    
2D_p1_ref3_shy3_smo1_th1.    2    1       3            3    1          1.         8               0.0031808       0.000173366          2               0.000626148   
2D_p1_ref3_shy3_smo2_th0.25  2    1       3            3    2          0.25       9               0.00439372      0.000197166          2               0.000621618   
2D_p1_ref3_shy3_smo2_th0.5   2    1       3            3    2          0.5        9               0.00430582      0.000208185          2               0.000622057   
2D_p1_ref3_shy3_smo2_th0.75  2    1       3            3    2          0.75       9               0.00411185      0.000205646          1               0.000477781   
2D_p1_ref3_shy3_smo2_th1.    2    1       3            3    2          1.         7               0.00323616      0.000191906          2               0.000631778   
2D_p1_ref3_shy3_smo3_th0.25  2    1       3            3    3          0.25       9               0.00488391      0.000213996          2               0.000607728   
2D_p1_ref3_shy3_smo3_th0.5   2    1       3            3    3          0.5        9               0.00478493      0.000211056          2               0.000612268   
2D_p1_ref3_shy3_smo3_th0.75  2    1       3            3    3          0.75       9               0.00450513      0.000202436          1               0.000488141   
2D_p1_ref3_shy3_smo3_th1.    2    1       3            3    3          1.         6               0.00316342      0.000200356          2               0.000625068   
2D_p1_ref4_shy1_smo1_th0.25  2    1       4            1    1          0.25       11              0.0170123       0.000598848          12              0.00290675    
2D_p1_ref4_shy1_smo1_th0.5   2    1       4            1    1          0.5        10              0.0153344       0.000593229          11              0.00266744    
2D_p1_ref4_shy1_smo1_th0.75  2    1       4            1    1          0.75       10              0.015139        0.000585388          11              0.00267137    
2D_p1_ref4_shy1_smo1_th1.    2    1       4            1    1          1.         8               0.0121747       0.000584668          12              0.0028723     
2D_p1_ref4_shy1_smo2_th0.25  2    1       4            1    2          0.25       10              0.0172883       0.000653107          12              0.00290362    
2D_p1_ref4_shy1_smo2_th0.5   2    1       4            1    2          0.5        10              0.017124        0.000646938          11              0.00267454    
2D_p1_ref4_shy1_smo2_th0.75  2    1       4            1    2          0.75       10              0.0165972       0.000636637          11              0.00264723    
2D_p1_ref4_shy1_smo2_th1.    2    1       4            1    2          1.         7               0.0118704       0.000629078          12              0.00288122    
2D_p1_ref4_shy1_smo3_th0.25  2    1       4            1    3          0.25       10              0.0189261       0.000696486          12              0.00294482    
2D_p1_ref4_shy1_smo3_th0.5   2    1       4            1    3          0.5        10              0.0182984       0.000690846          11              0.00266821    
2D_p1_ref4_shy1_smo3_th0.75  2    1       4            1    3          0.75       10              0.0182353       0.000690286          11              0.00267113    
2D_p1_ref4_shy1_smo3_th1.    2    1       4            1    3          1.         7               0.0128642       0.000671767          12              0.00289796    
2D_p1_ref4_shy2_smo1_th0.25  2    1       4            2    1          0.25       11              0.0165749       0.000579389          12              0.00289457    
2D_p1_ref4_shy2_smo1_th0.5   2    1       4            2    1          0.5        10              0.0149704       0.000579759          11              0.00264716    
2D_p1_ref4_shy2_smo1_th0.75  2    1       4            2    1          0.75       10              0.0147419       0.000571709          11              0.00263868    
2D_p1_ref4_shy2_smo1_th1.    2    1       4            2    1          1.         8               0.0117142       0.00054746           12              0.00287929    
2D_p1_ref4_shy2_smo2_th0.25  2    1       4            2    2          0.25       10              0.0166537       0.000652147          12              0.00291708    
2D_p1_ref4_shy2_smo2_th0.5   2    1       4            2    2          0.5        10              0.0163231       0.000617168          11              0.00265086    
2D_p1_ref4_shy2_smo2_th0.75  2    1       4            2    2          0.75       10              0.0163024       0.000616848          11              0.00267187    
2D_p1_ref4_shy2_smo2_th1.    2    1       4            2    2          1.         7               0.0116383       0.000598298          12              0.00287582    
2D_p1_ref4_shy2_smo3_th0.25  2    1       4            2    3          0.25       10              0.0181621       0.000696057          12              0.00292587    
2D_p1_ref4_shy2_smo3_th0.5   2    1       4            2    3          0.5        10              0.017777        0.000666047          11              0.00267617    
2D_p1_ref4_shy2_smo3_th0.75  2    1       4            2    3          0.75       10              0.0179711       0.000652947          11              0.00265589    
2D_p1_ref4_shy2_smo3_th1.    2    1       4            2    3          1.         7               0.0126499       0.000659407          12              0.00287818    
2D_p1_ref4_shy3_smo1_th0.25  2    1       4            3    1          0.25       11              0.0158843       0.000561039          12              0.00289103    
2D_p1_ref4_shy3_smo1_th0.5   2    1       4            3    1          0.5        10              0.0146335       0.000571778          11              0.00264237    
2D_p1_ref4_shy3_smo1_th0.75  2    1       4            3    1          0.75       10              0.0141386       0.000557219          11              0.00264858    
2D_p1_ref4_shy3_smo1_th1.    2    1       4            3    1          1.         8               0.011278        0.000567149          12              0.00288566    
2D_p1_ref4_shy3_smo2_th0.25  2    1       4            3    2          0.25       10              0.0157741       0.000601288          12              0.00291303    
2D_p1_ref4_shy3_smo2_th0.5   2    1       4            3    2          0.5        10              0.0154996       0.000598238          11              0.00264152    
2D_p1_ref4_shy3_smo2_th0.75  2    1       4            3    2          0.75       10              0.0154204       0.000608008          11              0.00264646    
2D_p1_ref4_shy3_smo2_th1.    2    1       4            3    2          1.         7               0.0109531       0.000590749          12              0.00289115    
2D_p1_ref4_shy3_smo3_th0.25  2    1       4            3    3          0.25       10              0.0171103       0.000668766          12              0.00291515    
2D_p1_ref4_shy3_smo3_th0.5   2    1       4            3    3          0.5        10              0.0167709       0.000626427          11              0.00271864    
2D_p1_ref4_shy3_smo3_th0.75  2    1       4            3    3          0.75       10              0.0162782       0.000620598          11              0.00265752    
2D_p1_ref4_shy3_smo3_th1.    2    1       4            3    3          1.         7               0.0119103       0.000603008          12              0.00287596    
2D_p1_ref5_shy1_smo1_th0.25  2    1       5            1    1          0.25       12              0.0951429       0.00355056           12              0.0111317     
2D_p1_ref5_shy1_smo1_th0.5   2    1       5            1    1          0.5        12              0.0931165       0.00348777           12              0.0111154     
2D_p1_ref5_shy1_smo1_th0.75  2    1       5            1    1          0.75       12              0.0931779       0.00353005           12              0.0111801     
2D_p1_ref5_shy1_smo1_th1.    2    1       5            1    1          1.         9               0.0689286       0.0033577            13              0.0119881     
2D_p1_ref5_shy1_smo2_th0.25  2    1       5            1    2          0.25       12              0.104624        0.00372168           12              0.0111249     
2D_p1_ref5_shy1_smo2_th0.5   2    1       5            1    2          0.5        12              0.103015        0.00384228           12              0.0111843     
2D_p1_ref5_shy1_smo2_th0.75  2    1       5            1    2          0.75       12              0.103284        0.00362493           12              0.0111779     
2D_p1_ref5_shy1_smo2_th1.    2    1       5            1    2          1.         8               0.0688553       0.00350792           13              0.0120407     
2D_p1_ref5_shy1_smo3_th0.25  2    1       5            1    3          0.25       12              0.115169        0.00391825           12              0.011082      
2D_p1_ref5_shy1_smo3_th0.5   2    1       5            1    3          0.5        12              0.111772        0.0040831            12              0.0111864     
2D_p1_ref5_shy1_smo3_th0.75  2    1       5            1    3          0.75       12              0.111778        0.00383164           12              0.0111581     
2D_p1_ref5_shy1_smo3_th1.    2    1       5            1    3          1.         8               0.0736021       0.00399858           13              0.0119996     
2D_p1_ref5_shy2_smo1_th0.25  2    1       5            2    1          0.25       12              0.0937548       0.00337215           12              0.0111725     
2D_p1_ref5_shy2_smo1_th0.5   2    1       5            2    1          0.5        12              0.0914725       0.00335026           12              0.0111885     
2D_p1_ref5_shy2_smo1_th0.75  2    1       5            2    1          0.75       12              0.0927388       0.00335119           12              0.0112275     
2D_p1_ref5_shy2_smo1_th1.    2    1       5            2    1          1.         9               0.0673052       0.00328423           13              0.0120677     
2D_p1_ref5_shy2_smo2_th0.25  2    1       5            2    2          0.25       12              0.104179        0.0036129            12              0.0113063     
2D_p1_ref5_shy2_smo2_th0.5   2    1       5            2    2          0.5        12              0.101383        0.00358274           12              0.0111534     
2D_p1_ref5_shy2_smo2_th0.75  2    1       5            2    2          0.75       12              0.100887        0.00356132           12              0.0112129     
2D_p1_ref5_shy2_smo2_th1.    2    1       5            2    2          1.         8               0.0680408       0.00346491           13              0.0120621     
2D_p1_ref5_shy2_smo3_th0.25  2    1       5            2    3          0.25       11              0.103146        0.00421689           12              0.0111894     
2D_p1_ref5_shy2_smo3_th0.5   2    1       5            2    3          0.5        12              0.109325        0.00405662           12              0.0114525     
2D_p1_ref5_shy2_smo3_th0.75  2    1       5            2    3          0.75       12              0.107936        0.00401165           12              0.0112897     
2D_p1_ref5_shy2_smo3_th1.    2    1       5            2    3          1.         8               0.0724853       0.00385268           13              0.012071      
2D_p1_ref5_shy3_smo1_th0.25  2    1       5            3    1          0.25       12              0.0894679       0.00329637           12              0.0110925     
2D_p1_ref5_shy3_smo1_th0.5   2    1       5            3    1          0.5        12              0.0882159       0.00318861           12              0.0111622     
2D_p1_ref5_shy3_smo1_th0.75  2    1       5            3    1          0.75       12              0.0881804       0.00343302           12              0.0112216     
2D_p1_ref5_shy3_smo1_th1.    2    1       5            3    1          1.         9               0.0668428       0.00314402           13              0.0120531     
2D_p1_ref5_shy3_smo2_th0.25  2    1       5            3    2          0.25       12              0.0965999       0.00361312           12              0.0111039     
2D_p1_ref5_shy3_smo2_th0.5   2    1       5            3    2          0.5        12              0.0973177       0.00351549           12              0.0112142     
2D_p1_ref5_shy3_smo2_th0.75  2    1       5            3    2          0.75       12              0.0949938       0.00339531           12              0.0111725     
2D_p1_ref5_shy3_smo2_th1.    2    1       5            3    2          1.         8               0.0642685       0.00335578           13              0.0120503     
2D_p1_ref5_shy3_smo3_th0.25  2    1       5            3    3          0.25       11              0.098237        0.00364689           12              0.0111305     
2D_p1_ref5_shy3_smo3_th0.5   2    1       5            3    3          0.5        12              0.102952        0.00381388           12              0.0111563     
2D_p1_ref5_shy3_smo3_th0.75  2    1       5            3    3          0.75       12              0.102626        0.00362382           12              0.0111388     
2D_p1_ref5_shy3_smo3_th1.    2    1       5            3    3          1.         8               0.0686592       0.00350914           13              0.012044      
2D_p1_ref7_shy1_smo1_th0.25  2    1       7            1    1          0.25       13              2.37069         0.0814538            14              0.2948        
2D_p1_ref7_shy1_smo1_th0.5   2    1       7            1    1          0.5        12              2.19693         0.0832526            14              0.292928      
2D_p1_ref7_shy1_smo1_th0.75  2    1       7            1    1          0.75       12              2.17097         0.083738             14              0.287016      
2D_p1_ref7_shy1_smo1_th1.    2    1       7            1    1          1.         11              1.97729         0.0766934            15              0.312229      
2D_p1_ref7_shy1_smo2_th0.25  2    1       7            1    2          0.25       12              2.24635         0.084162             14              0.298131      
2D_p1_ref7_shy1_smo2_th0.5   2    1       7            1    2          0.5        12              2.22988         0.0835563            14              0.292841      
2D_p1_ref7_shy1_smo2_th0.75  2    1       7            1    2          0.75       12              2.22538         0.0847525            14              0.293291      
2D_p1_ref7_shy1_smo2_th1.    2    1       7            1    2          1.         10              1.89222         0.0823397            15              0.309952      
2D_p1_ref7_shy1_smo3_th0.25  2    1       7            1    3          0.25       12              2.27346         0.0833175            14              0.296162      
2D_p1_ref7_shy1_smo3_th0.5   2    1       7            1    3          0.5        12              2.28474         0.0852356            14              0.293328      
2D_p1_ref7_shy1_smo3_th0.75  2    1       7            1    3          0.75       12              2.20598         0.0782699            14              0.295216      
2D_p1_ref7_shy1_smo3_th1.    2    1       7            1    3          1.         10              1.87865         0.077934             15              0.309792      
2D_p1_ref7_shy2_smo1_th0.25  2    1       7            2    1          0.25       13              2.3289          0.0807795            14              0.301194      
2D_p1_ref7_shy2_smo1_th0.5   2    1       7            2    1          0.5        12              2.20137         0.0833678            14              0.292711      
2D_p1_ref7_shy2_smo1_th0.75  2    1       7            2    1          0.75       12              2.18338         0.0826364            14              0.299103      
2D_p1_ref7_shy2_smo1_th1.    2    1       7            2    1          1.         11              1.97789         0.0824306            15              0.312728      
2D_p1_ref7_shy2_smo2_th0.25  2    1       7            2    2          0.25       12              2.21197         0.0840252            14              0.297385      
2D_p1_ref7_shy2_smo2_th0.5   2    1       7            2    2          0.5        12              2.23778         0.0849816            14              0.30125       
2D_p1_ref7_shy2_smo2_th0.75  2    1       7            2    2          0.75       12              2.2187          0.0821427            14              0.302247      
2D_p1_ref7_shy2_smo2_th1.    2    1       7            2    2          1.         10              1.85989         0.0832798            15              0.310146      
2D_p1_ref7_shy2_smo3_th0.25  2    1       7            2    3          0.25       12              2.2352          0.0869811            14              0.302624      
2D_p1_ref7_shy2_smo3_th0.5   2    1       7            2    3          0.5        12              2.26824         0.0833688            14              0.300887      
2D_p1_ref7_shy2_smo3_th0.75  2    1       7            2    3          0.75       12              2.20524         0.078869             14              0.287507      
2D_p1_ref7_shy2_smo3_th1.    2    1       7            2    3          1.         10              1.91626         0.0877443            15              0.311632      
2D_p1_ref7_shy3_smo1_th0.25  2    1       7            3    1          0.25       13              2.32115         0.079884             14              0.293232      
2D_p1_ref7_shy3_smo1_th0.5   2    1       7            3    1          0.5        13              2.327           0.0833064            14              0.294575      
2D_p1_ref7_shy3_smo1_th0.75  2    1       7            3    1          0.75       13              2.31411         0.0806186            14              0.291106      
2D_p1_ref7_shy3_smo1_th1.    2    1       7            3    1          1.         11              1.96441         0.0852921            15              0.312299      
2D_p1_ref7_shy3_smo2_th0.25  2    1       7            3    2          0.25       12              2.18666         0.0810777            14              0.297756      
2D_p1_ref7_shy3_smo2_th0.5   2    1       7            3    2          0.5        12              2.21119         0.0826444            14              0.296608      
2D_p1_ref7_shy3_smo2_th0.75  2    1       7            3    2          0.75       12              2.18678         0.082371             14              0.288995      
2D_p1_ref7_shy3_smo2_th1.    2    1       7            3    2          1.         10              1.8841          0.0835376            15              0.312028      
2D_p1_ref7_shy3_smo3_th0.25  2    1       7            3    3          0.25       12              2.23085         0.0835125            14              0.298276      
2D_p1_ref7_shy3_smo3_th0.5   2    1       7            3    3          0.5        12              2.23703         0.0837739            14              0.299869      
2D_p1_ref7_shy3_smo3_th0.75  2    1       7            3    3          0.75       12              2.19792         0.0842697            14              0.299414      
2D_p1_ref7_shy3_smo3_th1.    2    1       7            3    3          1.         10              1.88697         0.0848944            15              0.310602      
2D_p1_ref8_shy1_smo1_th0.25  2    1       8            1    1          0.25       13              9.95135         0.351856             16              1.5126        
2D_p1_ref8_shy1_smo1_th0.5   2    1       8            1    1          0.5        13              10.1178         0.353596             16              1.55996       
2D_p1_ref8_shy1_smo1_th0.75  2    1       8            1    1          0.75       13              10.011          0.362125             16              1.53721       
2D_p1_ref8_shy1_smo1_th1.    2    1       8            1    1          1.         11              8.69492         0.32719              17              1.63201       
2D_p1_ref8_shy1_smo2_th0.25  2    1       8            1    2          0.25       13              10.253          0.353833             16              1.57836       
2D_p1_ref8_shy1_smo2_th0.5   2    1       8            1    2          0.5        13              10.1821         0.35626              16              1.5757        
2D_p1_ref8_shy1_smo2_th0.75  2    1       8            1    2          0.75       13              10.1281         0.331404             16              1.53345       
2D_p1_ref8_shy1_smo2_th1.    2    1       8            1    2          1.         11              8.74953         0.351616             17              1.66193       
2D_p1_ref8_shy1_smo3_th0.25  2    1       8            1    3          0.25       13              10.2804         0.36391              16              1.57982       
2D_p1_ref8_shy1_smo3_th0.5   2    1       8            1    3          0.5        13              10.2275         0.357987             16              1.55668       
2D_p1_ref8_shy1_smo3_th0.75  2    1       8            1    3          0.75       13              10.1967         0.359903             16              1.57632       
2D_p1_ref8_shy1_smo3_th1.    2    1       8            1    3          1.         11              8.82636         0.344021             17              1.66451       
2D_p1_ref8_shy2_smo1_th0.25  2    1       8            2    1          0.25       13              10.0796         0.32909              16              1.55488       
2D_p1_ref8_shy2_smo1_th0.5   2    1       8            2    1          0.5        13              10.1098         0.350779             16              1.55569       
2D_p1_ref8_shy2_smo1_th0.75  2    1       8            2    1          0.75       13              10.0729         0.347956             16              1.53083       
2D_p1_ref8_shy2_smo1_th1.    2    1       8            2    1          1.         11              8.75221         0.323698             17              1.65319       
2D_p1_ref8_shy2_smo2_th0.25  2    1       8            2    2          0.25       13              10.0804         0.346719             16              1.52341       
2D_p1_ref8_shy2_smo2_th0.5   2    1       8            2    2          0.5        13              10.1292         0.353979             16              1.52395       
2D_p1_ref8_shy2_smo2_th0.75  2    1       8            2    2          0.75       13              10.1435         0.336022             16              1.55639       
2D_p1_ref8_shy2_smo2_th1.    2    1       8            2    2          1.         11              8.77408         0.324904             17              1.64822       
2D_p1_ref8_shy2_smo3_th0.25  2    1       8            2    3          0.25       13              10.2737         0.364627             16              1.5649        
2D_p1_ref8_shy2_smo3_th0.5   2    1       8            2    3          0.5        13              10.2583         0.336862             16              1.53131       
2D_p1_ref8_shy2_smo3_th0.75  2    1       8            2    3          0.75       13              10.2461         0.354576             16              1.5497        
2D_p1_ref8_shy2_smo3_th1.    2    1       8            2    3          1.         11              8.75263         0.333412             17              1.65891       
2D_p1_ref8_shy3_smo1_th0.25  2    1       8            3    1          0.25       13              10.0098         0.326419             16              1.52478       
2D_p1_ref8_shy3_smo1_th0.5   2    1       8            3    1          0.5        13              9.97704         0.351921             16              1.55105       
2D_p1_ref8_shy3_smo1_th0.75  2    1       8            3    1          0.75       13              10.017          0.328579             16              1.54807       
2D_p1_ref8_shy3_smo1_th1.    2    1       8            3    1          1.         11              8.6496          0.3452               17              1.66814       
2D_p1_ref8_shy3_smo2_th0.25  2    1       8            3    2          0.25       13              10.039          0.344319             16              1.55515       
2D_p1_ref8_shy3_smo2_th0.5   2    1       8            3    2          0.5        13              10.0625         0.346757             16              1.54123       
2D_p1_ref8_shy3_smo2_th0.75  2    1       8            3    2          0.75       13              10.0791         0.321309             16              1.53588       
2D_p1_ref8_shy3_smo2_th1.    2    1       8            3    2          1.         11              8.76221         0.324574             17              1.65272       
2D_p1_ref8_shy3_smo3_th0.25  2    1       8            3    3          0.25       13              10.109          0.358036             16              1.55068       
2D_p1_ref8_shy3_smo3_th0.5   2    1       8            3    3          0.5        13              10.1709         0.330877             16              1.54809       
2D_p1_ref8_shy3_smo3_th0.75  2    1       8            3    3          0.75       13              10.1284         0.348456             16              1.56568       
2D_p1_ref8_shy3_smo3_th1.    2    1       8            3    3          1.         11              8.76483         0.322813             17              1.66811       
2D_p1_ref9_shy1_smo1_th0.25  2    1       9            1    1          0.25       14              44.3467         1.49146              15              5.74138       
2D_p1_ref9_shy1_smo1_th0.5   2    1       9            1    1          0.5        14              44.1977         1.42356              16              6.16996       
2D_p1_ref9_shy1_smo1_th0.75  2    1       9            1    1          0.75       14              43.5171         1.27784              16              6.19137       
2D_p1_ref9_shy1_smo1_th1.    2    1       9            1    1          1.         12              37.7733         1.28                 17              6.80628       
2D_p1_ref9_shy1_smo2_th0.25  2    1       9            1    2          0.25       14              44.1703         1.41048              15              5.7782        
2D_p1_ref9_shy1_smo2_th0.5   2    1       9            1    2          0.5        14              44.3924         1.4874               16              6.23221       
2D_p1_ref9_shy1_smo2_th0.75  2    1       9            1    2          0.75       14              44.312          1.28491              16              6.23958       
2D_p1_ref9_shy1_smo2_th1.    2    1       9            1    2          1.         12              38.5112         1.44918              17              6.7807        
2D_p1_ref9_shy1_smo3_th0.25  2    1       9            1    3          0.25       14              44.9113         1.42061              15              5.73987       
2D_p1_ref9_shy1_smo3_th0.5   2    1       9            1    3          0.5        14              44.8238         1.42434              16              6.3126        
2D_p1_ref9_shy1_smo3_th0.75  2    1       9            1    3          0.75       14              44.3048         1.42996              16              6.21804       
2D_p1_ref9_shy1_smo3_th1.    2    1       9            1    3          1.         12              38.0583         1.28051              17              6.68174       
2D_p1_ref9_shy2_smo1_th0.25  2    1       9            2    1          0.25       14              43.3645         1.27701              15              5.76999       
2D_p1_ref9_shy2_smo1_th0.5   2    1       9            2    1          0.5        14              42.8598         1.26299              16              6.30226       
2D_p1_ref9_shy2_smo1_th0.75  2    1       9            2    1          0.75       14              44.0369         1.43587              16              6.16599       
2D_p1_ref9_shy2_smo1_th1.    2    1       9            2    1          1.         12              37.6964         1.27624              17              6.73032       
2D_p1_ref9_shy2_smo2_th0.25  2    1       9            2    2          0.25       14              43.7641         1.3001               15              5.72631       
2D_p1_ref9_shy2_smo2_th0.5   2    1       9            2    2          0.5        14              44.2577         1.58583              16              6.17821       
2D_p1_ref9_shy2_smo2_th0.75  2    1       9            2    2          0.75       14              43.5579         1.27367              16              6.24298       
2D_p1_ref9_shy2_smo2_th1.    2    1       9            2    2          1.         12              37.9533         1.28563              17              6.67888       
2D_p1_ref9_shy2_smo3_th0.25  2    1       9            2    3          0.25       14              44.5777         1.46432              15              5.73152       
2D_p1_ref9_shy2_smo3_th0.5   2    1       9            2    3          0.5        14              44.8086         1.46356              16              6.30324       
2D_p1_ref9_shy2_smo3_th0.75  2    1       9            2    3          0.75       14              44.0501         1.28667              16              6.16349       
2D_p1_ref9_shy2_smo3_th1.    2    1       9            2    3          1.         12              38.1338         1.29041              17              6.66675       
2D_p1_ref9_shy3_smo1_th0.25  2    1       9            3    1          0.25       14              43.4734         1.28654              15              5.76397       
2D_p1_ref9_shy3_smo1_th0.5   2    1       9            3    1          0.5        14              43.8634         1.51647              16              6.23045       
2D_p1_ref9_shy3_smo1_th0.75  2    1       9            3    1          0.75       14              43.301          1.27274              16              6.2439        
2D_p1_ref9_shy3_smo1_th1.    2    1       9            3    1          1.         13              41.2251         1.45801              17              6.75138       
2D_p1_ref9_shy3_smo2_th0.25  2    1       9            3    2          0.25       14              43.5273         1.281                15              5.77502       
2D_p1_ref9_shy3_smo2_th0.5   2    1       9            3    2          0.5        14              44.1242         1.56885              16              6.31224       
2D_p1_ref9_shy3_smo2_th0.75  2    1       9            3    2          0.75       14              44.3084         1.4623               16              6.15164       
2D_p1_ref9_shy3_smo2_th1.    2    1       9            3    2          1.         12              38.0658         1.45187              17              6.68737       
2D_p1_ref9_shy3_smo3_th0.25  2    1       9            3    3          0.25       14              44.1353         1.53755              15              5.64506       
2D_p1_ref9_shy3_smo3_th0.5   2    1       9            3    3          0.5        14              43.9342         1.27913              16              6.12498       
2D_p1_ref9_shy3_smo3_th0.75  2    1       9            3    3          0.75       14              44.0853         1.28935              16              6.17773       
2D_p1_ref9_shy3_smo3_th1.    2    1       9            3    3          1.         12              38.3421         1.43636              17              6.77998       
2D_p2_ref2_shy1_smo1_th0.25  2    2       2            1    1          0.25       7               0.00282567      0.000179316                                        
2D_p2_ref2_shy1_smo1_th0.5   2    2       2            1    1          0.5        6               0.00239892      0.000165857                                        
2D_p2_ref2_shy1_smo1_th0.75  2    2       2            1    1          0.75       6               0.00234456      0.000160687                                        
2D_p2_ref2_shy1_smo1_th1.    2    2       2            1    1          1.         6               0.0021816       0.000160317                                        
2D_p2_ref2_shy1_smo2_th0.25  2    2       2            1    2          0.25       6               0.0032377       0.000209396                                        
2D_p2_ref2_shy1_smo2_th0.5   2    2       2            1    2          0.5        5               0.00268775      0.000203947                                        
2D_p2_ref2_shy1_smo2_th0.75  2    2       2            1    2          0.75       5               0.00252644      0.000190556                                        
2D_p2_ref2_shy1_smo2_th1.    2    2       2            1    2          1.         4               0.00203138      0.000195946                                        
2D_p2_ref2_shy1_smo3_th0.25  2    2       2            1    3          0.25       5               0.00344902      0.000244316                                        
2D_p2_ref2_shy1_smo3_th0.5   2    2       2            1    3          0.5        5               0.00322334      0.000251505                                        
2D_p2_ref2_shy1_smo3_th0.75  2    2       2            1    3          0.75       5               0.00305495      0.000227745                                        
2D_p2_ref2_shy1_smo3_th1.    2    2       2            1    3          1.         4               0.0024797       0.000221335                                        
2D_p2_ref2_shy2_smo1_th0.25  2    2       2            2    1          0.25       7               0.00274274      0.000176796                                        
2D_p2_ref2_shy2_smo1_th0.5   2    2       2            2    1          0.5        6               0.00232488      0.000164636                                        
2D_p2_ref2_shy2_smo1_th0.75  2    2       2            2    1          0.75       6               0.00226416      0.000162057                                        
2D_p2_ref2_shy2_smo1_th1.    2    2       2            2    1          1.         6               0.00210474      0.000151067                                        
2D_p2_ref2_shy2_smo2_th0.25  2    2       2            2    2          0.25       6               0.0029505       0.000199286                                        
2D_p2_ref2_shy2_smo2_th0.5   2    2       2            2    2          0.5        5               0.00250313      0.000193836                                        
2D_p2_ref2_shy2_smo2_th0.75  2    2       2            2    2          0.75       5               0.00240727      0.000185746                                        
2D_p2_ref2_shy2_smo2_th1.    2    2       2            2    2          1.         4               0.00190772      0.000185627                                        
2D_p2_ref2_shy2_smo3_th0.25  2    2       2            2    3          0.25       5               0.00311853      0.000227776                                        
2D_p2_ref2_shy2_smo3_th0.5   2    2       2            2    3          0.5        5               0.00299746      0.000232266                                        
2D_p2_ref2_shy2_smo3_th0.75  2    2       2            2    3          0.75       5               0.00290306      0.000227005                                        
2D_p2_ref2_shy2_smo3_th1.    2    2       2            2    3          1.         4               0.00222221      0.000218186                                        
2D_p2_ref2_shy3_smo1_th0.25  2    2       2            3    1          0.25       7               0.00265834      0.000159547                                        
2D_p2_ref2_shy3_smo1_th0.5   2    2       2            3    1          0.5        7               0.00246502      0.000149528                                        
2D_p2_ref2_shy3_smo1_th0.75  2    2       2            3    1          0.75       6               0.00211848      0.000153087                                        
2D_p2_ref2_shy3_smo1_th1.    2    2       2            3    1          1.         7               0.00220589      0.000147748                                        
2D_p2_ref2_shy3_smo2_th0.25  2    2       2            3    2          0.25       6               0.00272748      0.000179187                                        
2D_p2_ref2_shy3_smo2_th0.5   2    2       2            3    2          0.5        5               0.00227032      0.000189536                                        
2D_p2_ref2_shy3_smo2_th0.75  2    2       2            3    2          0.75       5               0.00208688      0.000173967                                        
2D_p2_ref2_shy3_smo2_th1.    2    2       2            3    2          1.         5               0.0020311       0.000163657                                        
2D_p2_ref2_shy3_smo3_th0.25  2    2       2            3    3          0.25       5               0.00279967      0.000211316                                        
2D_p2_ref2_shy3_smo3_th0.5   2    2       2            3    3          0.5        5               0.00261267      0.000203557                                        
2D_p2_ref2_shy3_smo3_th0.75  2    2       2            3    3          0.75       5               0.00239778      0.000192777                                        
2D_p2_ref2_shy3_smo3_th1.    2    2       2            3    3          1.         4               0.0020173       0.000189907                                        
2D_p2_ref3_shy1_smo1_th0.25  2    2       3            1    1          0.25       7               0.00930073      0.000508531                                        
2D_p2_ref3_shy1_smo1_th0.5   2    2       3            1    1          0.5        7               0.00913198      0.00051481                                         
2D_p2_ref3_shy1_smo1_th0.75  2    2       3            1    1          0.75       7               0.00880083      0.00049304                                         
2D_p2_ref3_shy1_smo1_th1.    2    2       3            1    1          1.         7               0.00858851      0.000476751                                        
2D_p2_ref3_shy1_smo2_th0.25  2    2       3            1    2          0.25       6               0.00986602      0.000599039                                        
2D_p2_ref3_shy1_smo2_th0.5   2    2       3            1    2          0.5        6               0.00981357      0.000615628                                        
2D_p2_ref3_shy1_smo2_th0.75  2    2       3            1    2          0.75       6               0.00947836      0.000578529                                        
2D_p2_ref3_shy1_smo2_th1.    2    2       3            1    2          1.         6               0.00904954      0.000577449                                        
2D_p2_ref3_shy1_smo3_th0.25  2    2       3            1    3          0.25       7               0.0132501       0.000681507                                        
2D_p2_ref3_shy1_smo3_th0.5   2    2       3            1    3          0.5        6               0.0114491       0.000677977                                        
2D_p2_ref3_shy1_smo3_th0.75  2    2       3            1    3          0.75       6               0.0111918       0.000704266                                        
2D_p2_ref3_shy1_smo3_th1.    2    2       3            1    3          1.         6               0.0107226       0.000667327                                        
2D_p2_ref3_shy2_smo1_th0.25  2    2       3            2    1          0.25       7               0.00908546      0.00050838                                         
2D_p2_ref3_shy2_smo1_th0.5   2    2       3            2    1          0.5        7               0.00892629      0.000483071                                        
2D_p2_ref3_shy2_smo1_th0.75  2    2       3            2    1          0.75       7               0.00874556      0.00049564                                         
2D_p2_ref3_shy2_smo1_th1.    2    2       3            2    1          1.         7               0.00823917      0.000472112                                        
2D_p2_ref3_shy2_smo2_th0.25  2    2       3            2    2          0.25       6               0.00941903      0.000585099                                        
2D_p2_ref3_shy2_smo2_th0.5   2    2       3            2    2          0.5        6               0.00920664      0.000579989                                        
2D_p2_ref3_shy2_smo2_th0.75  2    2       3            2    2          0.75       6               0.00906037      0.00055851                                         
2D_p2_ref3_shy2_smo2_th1.    2    2       3            2    2          1.         6               0.00864226      0.00054664                                         
2D_p2_ref3_shy2_smo3_th0.25  2    2       3            2    3          0.25       7               0.0124307       0.000652497                                        
2D_p2_ref3_shy2_smo3_th0.5   2    2       3            2    3          0.5        6               0.0109171       0.000658897                                        
2D_p2_ref3_shy2_smo3_th0.75  2    2       3            2    3          0.75       6               0.0104838       0.000662167                                        
2D_p2_ref3_shy2_smo3_th1.    2    2       3            2    3          1.         6               0.0100145       0.000682497                                        
2D_p2_ref3_shy3_smo1_th0.25  2    2       3            3    1          0.25       7               0.00860865      0.000469361                                        
2D_p2_ref3_shy3_smo1_th0.5   2    2       3            3    1          0.5        8               0.00955893      0.000484411                                        
2D_p2_ref3_shy3_smo1_th0.75  2    2       3            3    1          0.75       7               0.00826012      0.000466341                                        
2D_p2_ref3_shy3_smo1_th1.    2    2       3            3    1          1.         8               0.00899596      0.000455132                                        
2D_p2_ref3_shy3_smo2_th0.25  2    2       3            3    2          0.25       7               0.0100608       0.00054097                                         
2D_p2_ref3_shy3_smo2_th0.5   2    2       3            3    2          0.5        6               0.00847324      0.00052984                                         
2D_p2_ref3_shy3_smo2_th0.75  2    2       3            3    2          0.75       6               0.00820786      0.00053242                                         
2D_p2_ref3_shy3_smo2_th1.    2    2       3            3    2          1.         5               0.00690814      0.00050904                                         
2D_p2_ref3_shy3_smo3_th0.25  2    2       3            3    3          0.25       7               0.0111897       0.000600659                                        
2D_p2_ref3_shy3_smo3_th0.5   2    2       3            3    3          0.5        6               0.009518        0.000602739                                        
2D_p2_ref3_shy3_smo3_th0.75  2    2       3            3    3          0.75       6               0.00924576      0.000599959                                        
2D_p2_ref3_shy3_smo3_th1.    2    2       3            3    3          1.         6               0.0090144       0.000573119                                        
2D_p2_ref4_shy1_smo1_th0.25  2    2       4            1    1          0.25       7               0.049005        0.00255048                                         
2D_p2_ref4_shy1_smo1_th0.5   2    2       4            1    1          0.5        8               0.0540133       0.00250197                                         
2D_p2_ref4_shy1_smo1_th0.75  2    2       4            1    1          0.75       8               0.0530272       0.0024696                                          
2D_p2_ref4_shy1_smo1_th1.    2    2       4            1    1          1.         9               0.0569162       0.00240973                                         
2D_p2_ref4_shy1_smo2_th0.25  2    2       4            1    2          0.25       7               0.0591126       0.00291127                                         
2D_p2_ref4_shy1_smo2_th0.5   2    2       4            1    2          0.5        7               0.0575768       0.00283486                                         
2D_p2_ref4_shy1_smo2_th0.75  2    2       4            1    2          0.75       7               0.0564493       0.00278615                                         
2D_p2_ref4_shy1_smo2_th1.    2    2       4            1    2          1.         8               0.0617949       0.0027523                                          
2D_p2_ref4_shy1_smo3_th0.25  2    2       4            1    3          0.25       7               0.0684808       0.0032463                                          
2D_p2_ref4_shy1_smo3_th0.5   2    2       4            1    3          0.5        7               0.0668055       0.00316067                                         
2D_p2_ref4_shy1_smo3_th0.75  2    2       4            1    3          0.75       7               0.0660101       0.00320653                                         
2D_p2_ref4_shy1_smo3_th1.    2    2       4            1    3          1.         7               0.0642717       0.0030912                                          
2D_p2_ref4_shy2_smo1_th0.25  2    2       4            2    1          0.25       7               0.0479218       0.00250714                                         
2D_p2_ref4_shy2_smo1_th0.5   2    2       4            2    1          0.5        8               0.0528547       0.0024459                                          
2D_p2_ref4_shy2_smo1_th0.75  2    2       4            2    1          0.75       8               0.0519067       0.00243119                                         
2D_p2_ref4_shy2_smo1_th1.    2    2       4            2    1          1.         9               0.0560526       0.00235285                                         
2D_p2_ref4_shy2_smo2_th0.25  2    2       4            2    2          0.25       7               0.0565585       0.00282224                                         
2D_p2_ref4_shy2_smo2_th0.5   2    2       4            2    2          0.5        7               0.055757        0.00277617                                         
2D_p2_ref4_shy2_smo2_th0.75  2    2       4            2    2          0.75       7               0.0545209       0.00275865                                         
2D_p2_ref4_shy2_smo2_th1.    2    2       4            2    2          1.         8               0.0591956       0.00268866                                         
2D_p2_ref4_shy2_smo3_th0.25  2    2       4            2    3          0.25       7               0.065127        0.00313582                                         
2D_p2_ref4_shy2_smo3_th0.5   2    2       4            2    3          0.5        7               0.0639859       0.00307769                                         
2D_p2_ref4_shy2_smo3_th0.75  2    2       4            2    3          0.75       7               0.0628348       0.00304069                                         
2D_p2_ref4_shy2_smo3_th1.    2    2       4            2    3          1.         7               0.0604574       0.00299026                                         
2D_p2_ref4_shy3_smo1_th0.25  2    2       4            3    1          0.25       8               0.0515674       0.00242368                                         
2D_p2_ref4_shy3_smo1_th0.5   2    2       4            3    1          0.5        8               0.0507512       0.00239449                                         
2D_p2_ref4_shy3_smo1_th0.75  2    2       4            3    1          0.75       8               0.0492986       0.00231263                                         
2D_p2_ref4_shy3_smo1_th1.    2    2       4            3    1          1.         10              0.0587508       0.00229272                                         
2D_p2_ref4_shy3_smo2_th0.25  2    2       4            3    2          0.25       7               0.0528896       0.00268166                                         
2D_p2_ref4_shy3_smo2_th0.5   2    2       4            3    2          0.5        7               0.051593        0.0025973                                          
2D_p2_ref4_shy3_smo2_th0.75  2    2       4            3    2          0.75       7               0.0501705       0.00257114                                         
2D_p2_ref4_shy3_smo2_th1.    2    2       4            3    2          1.         8               0.0553106       0.00255901                                         
2D_p2_ref4_shy3_smo3_th0.25  2    2       4            3    3          0.25       7               0.0598269       0.00293744                                         
2D_p2_ref4_shy3_smo3_th0.5   2    2       4            3    3          0.5        7               0.057639        0.00285355                                         
2D_p2_ref4_shy3_smo3_th0.75  2    2       4            3    3          0.75       7               0.0564147       0.00281266                                         
2D_p2_ref4_shy3_smo3_th1.    2    2       4            3    3          1.         7               0.0551896       0.00278221                                         
2D_p2_ref5_shy1_smo1_th0.25  2    2       5            1    1          0.25       8               0.269611        0.0115539                                          
2D_p2_ref5_shy1_smo1_th0.5   2    2       5            1    1          0.5        9               0.296366        0.0114657                                          
2D_p2_ref5_shy1_smo1_th0.75  2    2       5            1    1          0.75       8               0.264556        0.0114088                                          
2D_p2_ref5_shy1_smo1_th1.    2    2       5            1    1          1.         10              0.317621        0.0111921                                          
2D_p2_ref5_shy1_smo2_th0.25  2    2       5            1    2          0.25       8               0.291563        0.0122267                                          
2D_p2_ref5_shy1_smo2_th0.5   2    2       5            1    2          0.5        8               0.288622        0.0121877                                          
2D_p2_ref5_shy1_smo2_th0.75  2    2       5            1    2          0.75       8               0.286232        0.012065                                           
2D_p2_ref5_shy1_smo2_th1.    2    2       5            1    2          1.         8               0.280322        0.0118506                                          
2D_p2_ref5_shy1_smo3_th0.25  2    2       5            1    3          0.25       8               0.312632        0.0127966                                          
2D_p2_ref5_shy1_smo3_th0.5   2    2       5            1    3          0.5        8               0.309766        0.0127584                                          
2D_p2_ref5_shy1_smo3_th0.75  2    2       5            1    3          0.75       8               0.305741        0.0125979                                          
2D_p2_ref5_shy1_smo3_th1.    2    2       5            1    3          1.         7               0.267276        0.0124746                                          
2D_p2_ref5_shy2_smo1_th0.25  2    2       5            2    1          0.25       8               0.266568        0.0115244                                          
2D_p2_ref5_shy2_smo1_th0.5   2    2       5            2    1          0.5        9               0.294332        0.0113932                                          
2D_p2_ref5_shy2_smo1_th0.75  2    2       5            2    1          0.75       8               0.262288        0.01134                                            
2D_p2_ref5_shy2_smo1_th1.    2    2       5            2    1          1.         10              0.313991        0.0112029                                          
2D_p2_ref5_shy2_smo2_th0.25  2    2       5            2    2          0.25       8               0.285431        0.0120946                                          
2D_p2_ref5_shy2_smo2_th0.5   2    2       5            2    2          0.5        8               0.283247        0.0119509                                          
2D_p2_ref5_shy2_smo2_th0.75  2    2       5            2    2          0.75       8               0.281508        0.0119471                                          
2D_p2_ref5_shy2_smo2_th1.    2    2       5            2    2          1.         8               0.275798        0.0117978                                          
2D_p2_ref5_shy2_smo3_th0.25  2    2       5            2    3          0.25       8               0.303784        0.0127263                                          
2D_p2_ref5_shy2_smo3_th0.5   2    2       5            2    3          0.5        8               0.302041        0.0125196                                          
2D_p2_ref5_shy2_smo3_th0.75  2    2       5            2    3          0.75       8               0.299931        0.0125356                                          
2D_p2_ref5_shy2_smo3_th1.    2    2       5            2    3          1.         7               0.261297        0.0123334                                          
2D_p2_ref5_shy3_smo1_th0.25  2    2       5            3    1          0.25       8               0.261703        0.0113496                                          
2D_p2_ref5_shy3_smo1_th0.5   2    2       5            3    1          0.5        9               0.287407        0.0112095                                          
2D_p2_ref5_shy3_smo1_th0.75  2    2       5            3    1          0.75       10              0.313526        0.0111179                                          
2D_p2_ref5_shy3_smo1_th1.    2    2       5            3    1          1.         11              0.336083        0.0109535                                          
2D_p2_ref5_shy3_smo2_th0.25  2    2       5            3    2          0.25       8               0.276849        0.0118608                                          
2D_p2_ref5_shy3_smo2_th0.5   2    2       5            3    2          0.5        8               0.273845        0.0117018                                          
2D_p2_ref5_shy3_smo2_th0.75  2    2       5            3    2          0.75       8               0.271297        0.0116968                                          
2D_p2_ref5_shy3_smo2_th1.    2    2       5            3    2          1.         8               0.26568         0.0114035                                          
2D_p2_ref5_shy3_smo3_th0.25  2    2       5            3    3          0.25       8               0.291271        0.0122064                                          
2D_p2_ref5_shy3_smo3_th0.5   2    2       5            3    3          0.5        8               0.287926        0.0121878                                          
2D_p2_ref5_shy3_smo3_th0.75  2    2       5            3    3          0.75       8               0.284603        0.0121336                                          
2D_p2_ref5_shy3_smo3_th1.    2    2       5            3    3          1.         7               0.247715        0.0118103                                          
2D_p2_ref7_shy1_smo1_th0.25  2    2       7            1    1          0.25       11              7.33419         0.246618                                           
2D_p2_ref7_shy1_smo1_th0.5   2    2       7            1    1          0.5        11              7.32552         0.250139                                           
2D_p2_ref7_shy1_smo1_th0.75  2    2       7            1    1          0.75       11              7.2432          0.252192                                           
2D_p2_ref7_shy1_smo1_th1.    2    2       7            1    1          1.         14              9.09568         0.243463                                           
2D_p2_ref7_shy1_smo2_th0.25  2    2       7            1    2          0.25       10              6.88572         0.253069                                           
2D_p2_ref7_shy1_smo2_th0.5   2    2       7            1    2          0.5        10              6.86157         0.249102                                           
2D_p2_ref7_shy1_smo2_th0.75  2    2       7            1    2          0.75       11              7.43163         0.247344                                           
2D_p2_ref7_shy1_smo2_th1.    2    2       7            1    2          1.         11              7.39712         0.247245                                           
2D_p2_ref7_shy1_smo3_th0.25  2    2       7            1    3          0.25       10              6.98177         0.254397                                           
2D_p2_ref7_shy1_smo3_th0.5   2    2       7            1    3          0.5        10              6.96369         0.25486                                            
2D_p2_ref7_shy1_smo3_th0.75  2    2       7            1    3          0.75       10              6.9331          0.24774                                            
2D_p2_ref7_shy1_smo3_th1.    2    2       7            1    3          1.         9               6.3749          0.248975                                           
2D_p2_ref7_shy2_smo1_th0.25  2    2       7            2    1          0.25       11              7.34952         0.248273                                           
2D_p2_ref7_shy2_smo1_th0.5   2    2       7            2    1          0.5        11              7.35167         0.246315                                           
2D_p2_ref7_shy2_smo1_th0.75  2    2       7            2    1          0.75       11              7.25009         0.250026                                           
2D_p2_ref7_shy2_smo1_th1.    2    2       7            2    1          1.         14              9.08005         0.248541                                           
2D_p2_ref7_shy2_smo2_th0.25  2    2       7            2    2          0.25       10              6.84827         0.247224                                           
2D_p2_ref7_shy2_smo2_th0.5   2    2       7            2    2          0.5        10              6.8134          0.251873                                           
2D_p2_ref7_shy2_smo2_th0.75  2    2       7            2    2          0.75       11              7.37029         0.254343                                           
2D_p2_ref7_shy2_smo2_th1.    2    2       7            2    2          1.         11              7.39945         0.253406                                           
2D_p2_ref7_shy2_smo3_th0.25  2    2       7            2    3          0.25       10              6.9379          0.250022                                           
2D_p2_ref7_shy2_smo3_th0.5   2    2       7            2    3          0.5        10              6.91527         0.252365                                           
2D_p2_ref7_shy2_smo3_th0.75  2    2       7            2    3          0.75       10              6.85193         0.257974                                           
2D_p2_ref7_shy2_smo3_th1.    2    2       7            2    3          1.         9               6.29544         0.246907                                           
2D_p2_ref7_shy3_smo1_th0.25  2    2       7            3    1          0.25       11              7.25971         0.246167                                           
2D_p2_ref7_shy3_smo1_th0.5   2    2       7            3    1          0.5        11              7.26141         0.254296                                           
2D_p2_ref7_shy3_smo1_th0.75  2    2       7            3    1          0.75       13              8.41458         0.252294                                           
2D_p2_ref7_shy3_smo1_th1.    2    2       7            3    1          1.         17              10.801          0.250323                                           
2D_p2_ref7_shy3_smo2_th0.25  2    2       7            3    2          0.25       10              6.80658         0.247236                                           
2D_p2_ref7_shy3_smo2_th0.5   2    2       7            3    2          0.5        10              6.76312         0.250579                                           
2D_p2_ref7_shy3_smo2_th0.75  2    2       7            3    2          0.75       11              7.31253         0.244633                                           
2D_p2_ref7_shy3_smo2_th1.    2    2       7            3    2          1.         11              7.30284         0.253554                                           
2D_p2_ref7_shy3_smo3_th0.25  2    2       7            3    3          0.25       10              6.88565         0.2507                                             
2D_p2_ref7_shy3_smo3_th0.5   2    2       7            3    3          0.5        10              6.86029         0.247182                                           
2D_p2_ref7_shy3_smo3_th0.75  2    2       7            3    3          0.75       10              6.76871         0.255407                                           
2D_p2_ref7_shy3_smo3_th1.    2    2       7            3    3          1.         9               6.20488         0.245568                                           
2D_p2_ref8_shy1_smo1_th0.25  2    2       8            1    1          0.25       12              32.2467         0.98328                                            
2D_p2_ref8_shy1_smo1_th0.5   2    2       8            1    1          0.5        14              37.3016         0.976204                                           
2D_p2_ref8_shy1_smo1_th0.75  2    2       8            1    1          0.75       12              32.6084         1.51086                                            
2D_p2_ref8_shy1_smo1_th1.    2    2       8            1    1          1.         18              47.1046         0.997668                                           
2D_p2_ref8_shy1_smo2_th0.25  2    2       8            1    2          0.25       12              32.7938         0.990472                                           
2D_p2_ref8_shy1_smo2_th0.5   2    2       8            1    2          0.5        11              30.1234         0.991223                                           
2D_p2_ref8_shy1_smo2_th0.75  2    2       8            1    2          0.75       12              32.5746         0.997086                                           
2D_p2_ref8_shy1_smo2_th1.    2    2       8            1    2          1.         12              32.5298         0.995498                                           
2D_p2_ref8_shy1_smo3_th0.25  2    2       8            1    3          0.25       12              32.9575         0.996925                                           
2D_p2_ref8_shy1_smo3_th0.5   2    2       8            1    3          0.5        11              30.4271         1.0025                                             
2D_p2_ref8_shy1_smo3_th0.75  2    2       8            1    3          0.75       11              30.6824         1.54982                                            
2D_p2_ref8_shy1_smo3_th1.    2    2       8            1    3          1.         10              28.2121         1.57168                                            
2D_p2_ref8_shy2_smo1_th0.25  2    2       8            2    1          0.25       12              32.1731         0.981815                                           
2D_p2_ref8_shy2_smo1_th0.5   2    2       8            2    1          0.5        14              37.2209         0.974365                                           
2D_p2_ref8_shy2_smo1_th0.75  2    2       8            2    1          0.75       12              32.206          0.990787                                           
2D_p2_ref8_shy2_smo1_th1.    2    2       8            2    1          1.         18              47.6407         1.59064                                            
2D_p2_ref8_shy2_smo2_th0.25  2    2       8            2    2          0.25       12              32.4404         0.97697                                            
2D_p2_ref8_shy2_smo2_th0.5   2    2       8            2    2          0.5        11              30.1307         0.985403                                           
2D_p2_ref8_shy2_smo2_th0.75  2    2       8            2    2          0.75       12              32.5394         0.992656                                           
2D_p2_ref8_shy2_smo2_th1.    2    2       8            2    2          1.         12              32.7492         1.56359                                            
2D_p2_ref8_shy2_smo3_th0.25  2    2       8            2    3          0.25       12              32.867          0.981094                                           
2D_p2_ref8_shy2_smo3_th0.5   2    2       8            2    3          0.5        11              30.2893         0.989786                                           
2D_p2_ref8_shy2_smo3_th0.75  2    2       8            2    3          0.75       11              30.3583         0.996415                                           
2D_p2_ref8_shy2_smo3_th1.    2    2       8            2    3          1.         10              27.9658         1.55413                                            
2D_p2_ref8_shy3_smo1_th0.25  2    2       8            3    1          0.25       12              32.2347         0.972288                                           
2D_p2_ref8_shy3_smo1_th0.5   2    2       8            3    1          0.5        15              39.7315         0.988765                                           
2D_p2_ref8_shy3_smo1_th0.75  2    2       8            3    1          0.75       18              47.1821         0.978633                                           
2D_p2_ref8_shy3_smo1_th1.    2    2       8            3    1          1.         22              57.1621         1.5576                                             
2D_p2_ref8_shy3_smo2_th0.25  2    2       8            3    2          0.25       12              32.259          0.980186                                           
2D_p2_ref8_shy3_smo2_th0.5   2    2       8            3    2          0.5        10              27.2362         0.972342                                           
2D_p2_ref8_shy3_smo2_th0.75  2    2       8            3    2          0.75       12              32.7783         1.59213                                            
2D_p2_ref8_shy3_smo2_th1.    2    2       8            3    2          1.         13              35.1178         1.55623                                            
2D_p2_ref8_shy3_smo3_th0.25  2    2       8            3    3          0.25       12              32.6998         0.980231                                           
2D_p2_ref8_shy3_smo3_th0.5   2    2       8            3    3          0.5        11              30.1366         0.980841                                           
2D_p2_ref8_shy3_smo3_th0.75  2    2       8            3    3          0.75       11              30.0743         1.00836                                            
2D_p2_ref8_shy3_smo3_th1.    2    2       8            3    3          1.         11              30.4098         1.55151                                            
2D_p2_ref9_shy1_smo1_th0.25  2    2       9            1    1          0.25       20              233.958         5.68209                                            
2D_p2_ref9_shy1_smo1_th0.5   2    2       9            1    1          0.5        24              282.58          5.57041                                            
2D_p2_ref9_shy1_smo1_th0.75  2    2       9            1    1          0.75       25              292.503         5.84717                                            
2D_p2_ref9_shy1_smo1_th1.    2    2       9            1    1          1.         23              270.696         5.60626                                            
2D_p2_ref9_shy1_smo2_th0.25  2    2       9            1    2          0.25       20              236.449         5.68959                                            
2D_p2_ref9_shy1_smo2_th0.5   2    2       9            1    2          0.5        21              248.297         5.73234                                            
2D_p2_ref9_shy1_smo2_th0.75  2    2       9            1    2          0.75       21              246.899         5.90485                                            
2D_p2_ref9_shy1_smo2_th1.    2    2       9            1    2          1.         14              166.607         5.84272                                            
2D_p2_ref9_shy1_smo3_th0.25  2    2       9            1    3          0.25       21              250.411         5.56675                                            
2D_p2_ref9_shy1_smo3_th0.5   2    2       9            1    3          0.5        22              260.852         5.68459                                            
2D_p2_ref9_shy1_smo3_th0.75  2    2       9            1    3          0.75       22              261.833         5.83013                                            
2D_p2_ref9_shy1_smo3_th1.    2    2       9            1    3          1.         12              144.896         5.90258                                            
2D_p2_ref9_shy2_smo1_th0.25  2    2       9            2    1          0.25       20              234.161         5.516                                              
2D_p2_ref9_shy2_smo1_th0.5   2    2       9            2    1          0.5        24              281.342         5.70592                                            
2D_p2_ref9_shy2_smo1_th0.75  2    2       9            2    1          0.75       25              293.42          5.81738                                            
2D_p2_ref9_shy2_smo1_th1.    2    2       9            2    1          1.         23              269.935         5.75469                                            
2D_p2_ref9_shy2_smo2_th0.25  2    2       9            2    2          0.25       20              236.328         5.62623                                            
2D_p2_ref9_shy2_smo2_th0.5   2    2       9            2    2          0.5        21              247.258         5.51225                                            
2D_p2_ref9_shy2_smo2_th0.75  2    2       9            2    2          0.75       21              247.17          5.46707                                            
2D_p2_ref9_shy2_smo2_th1.    2    2       9            2    2          1.         14              165.602         5.74847                                            
2D_p2_ref9_shy2_smo3_th0.25  2    2       9            2    3          0.25       21              247.448         5.63019                                            
2D_p2_ref9_shy2_smo3_th0.5   2    2       9            2    3          0.5        22              260.104         5.51766                                            
2D_p2_ref9_shy2_smo3_th0.75  2    2       9            2    3          0.75       22              261.214         5.77666                                            
2D_p2_ref9_shy2_smo3_th1.    2    2       9            2    3          1.         12              143.254         5.72667                                            
2D_p2_ref9_shy3_smo1_th0.25  2    2       9            3    1          0.25       20              234.714         5.57338                                            
2D_p2_ref9_shy3_smo1_th0.5   2    2       9            3    1          0.5        24              278.839         5.3852                                             
2D_p2_ref9_shy3_smo1_th0.75  2    2       9            3    1          0.75       28              327.661         5.7088                                             
2D_p2_ref9_shy3_smo1_th1.    2    2       9            3    1          1.         29              338.328         5.52391                                            
2D_p2_ref9_shy3_smo2_th0.25  2    2       9            3    2          0.25       20              235.084         5.5761                                             
2D_p2_ref9_shy3_smo2_th0.5   2    2       9            3    2          0.5        21              246.282         5.56076                                            
2D_p2_ref9_shy3_smo2_th0.75  2    2       9            3    2          0.75       22              257.627         5.69554                                            
2D_p2_ref9_shy3_smo2_th1.    2    2       9            3    2          1.         15              176.135         5.61248                                            
2D_p2_ref9_shy3_smo3_th0.25  2    2       9            3    3          0.25       21              248.046         5.47942                                            
2D_p2_ref9_shy3_smo3_th0.5   2    2       9            3    3          0.5        22              257.792         5.55283                                            
2D_p2_ref9_shy3_smo3_th0.75  2    2       9            3    3          0.75       21              246.777         5.55635                                            
2D_p2_ref9_shy3_smo3_th1.    2    2       9            3    3          1.         12              143.198         5.7237                                             
2D_p3_ref2_shy1_smo1_th0.25  2    3       2            1    1          0.25       7               0.00676399      0.000374663                                        
2D_p3_ref2_shy1_smo1_th0.5   2    3       2            1    1          0.5        7               0.00649132      0.000357124                                        
2D_p3_ref2_shy1_smo1_th0.75  2    3       2            1    1          0.75       7               0.0059966       0.000335624                                        
2D_p3_ref2_shy1_smo1_th1.    2    3       2            1    1          1.         8               0.00639981      0.000318534                                        
2D_p3_ref2_shy1_smo2_th0.25  2    3       2            1    2          0.25       6               0.0076824       0.000509291                                        
2D_p3_ref2_shy1_smo2_th0.5   2    3       2            1    2          0.5        6               0.00729632      0.00049134                                         
2D_p3_ref2_shy1_smo2_th0.75  2    3       2            1    2          0.75       6               0.00681182      0.000440312                                        
2D_p3_ref2_shy1_smo2_th1.    2    3       2            1    2          1.         6               0.00641793      0.000421982                                        
2D_p3_ref2_shy1_smo3_th0.25  2    3       2            1    3          0.25       6               0.00976189      0.000656737                                        
2D_p3_ref2_shy1_smo3_th0.5   2    3       2            1    3          0.5        5               0.00786643      0.000625368                                        
2D_p3_ref2_shy1_smo3_th0.75  2    3       2            1    3          0.75       5               0.00726478      0.000582159                                        
2D_p3_ref2_shy1_smo3_th1.    2    3       2            1    3          1.         5               0.00681047      0.000543329                                        
2D_p3_ref2_shy2_smo1_th0.25  2    3       2            2    1          0.25       7               0.00648823      0.000386842                                        
2D_p3_ref2_shy2_smo1_th0.5   2    3       2            2    1          0.5        7               0.00623447      0.000355593                                        
2D_p3_ref2_shy2_smo1_th0.75  2    3       2            2    1          0.75       7               0.00586967      0.000349383                                        
2D_p3_ref2_shy2_smo1_th1.    2    3       2            2    1          1.         8               0.00618227      0.000339424                                        
2D_p3_ref2_shy2_smo2_th0.25  2    3       2            2    2          0.25       6               0.00723267      0.000494641                                        
2D_p3_ref2_shy2_smo2_th0.5   2    3       2            2    2          0.5        6               0.00694761      0.000459071                                        
2D_p3_ref2_shy2_smo2_th0.75  2    3       2            2    2          0.75       6               0.00653971      0.000443411                                        
2D_p3_ref2_shy2_smo2_th1.    2    3       2            2    2          1.         6               0.00607378      0.000404802                                        
2D_p3_ref2_shy2_smo3_th0.25  2    3       2            2    3          0.25       6               0.00905195      0.000624719                                        
2D_p3_ref2_shy2_smo3_th0.5   2    3       2            2    3          0.5        5               0.00731923      0.000601159                                        
2D_p3_ref2_shy2_smo3_th0.75  2    3       2            2    3          0.75       5               0.00706642      0.0005472                                          
2D_p3_ref2_shy2_smo3_th1.    2    3       2            2    3          1.         5               0.00643601      0.000524511                                        
2D_p3_ref2_shy3_smo1_th0.25  2    3       2            3    1          0.25       8               0.00690444      0.000365044                                        
2D_p3_ref2_shy3_smo1_th0.5   2    3       2            3    1          0.5        7               0.00583202      0.000328204                                        
2D_p3_ref2_shy3_smo1_th0.75  2    3       2            3    1          0.75       7               0.00538393      0.000309334                                        
2D_p3_ref2_shy3_smo1_th1.    2    3       2            3    1          1.         9               0.0064372       0.000307475                                        
2D_p3_ref2_shy3_smo2_th0.25  2    3       2            3    2          0.25       6               0.0066538       0.000445492                                        
2D_p3_ref2_shy3_smo2_th0.5   2    3       2            3    2          0.5        6               0.0062507       0.000408152                                        
2D_p3_ref2_shy3_smo2_th0.75  2    3       2            3    2          0.75       5               0.00489834      0.000387822                                        
2D_p3_ref2_shy3_smo2_th1.    2    3       2            3    2          1.         7               0.00637264      0.000363314                                        
2D_p3_ref2_shy3_smo3_th0.25  2    3       2            3    3          0.25       6               0.00815379      0.000547309                                        
2D_p3_ref2_shy3_smo3_th0.5   2    3       2            3    3          0.5        5               0.00656517      0.00050966                                         
2D_p3_ref2_shy3_smo3_th0.75  2    3       2            3    3          0.75       5               0.00584585      0.000474701                                        
2D_p3_ref2_shy3_smo3_th1.    2    3       2            3    3          1.         6               0.00654481      0.000438202                                        
2D_p3_ref3_shy1_smo1_th0.25  2    3       3            1    1          0.25       8               0.035875        0.00164475                                         
2D_p3_ref3_shy1_smo1_th0.5   2    3       3            1    1          0.5        8               0.0344224       0.00161466                                         
2D_p3_ref3_shy1_smo1_th0.75  2    3       3            1    1          0.75       9               0.0368847       0.00156557                                         
2D_p3_ref3_shy1_smo1_th1.    2    3       3            1    1          1.         10              0.038285        0.00152081                                         
2D_p3_ref3_shy1_smo2_th0.25  2    3       3            1    2          0.25       8               0.0460734       0.00197945                                         
2D_p3_ref3_shy1_smo2_th0.5   2    3       3            1    2          0.5        7               0.0397845       0.00198421                                         
2D_p3_ref3_shy1_smo2_th0.75  2    3       3            1    2          0.75       6               0.0335179       0.00193871                                         
2D_p3_ref3_shy1_smo2_th1.    2    3       3            1    2          1.         8               0.040772        0.0018537                                          
2D_p3_ref3_shy1_smo3_th0.25  2    3       3            1    3          0.25       8               0.0576058       0.00235516                                         
2D_p3_ref3_shy1_smo3_th0.5   2    3       3            1    3          0.5        7               0.0491846       0.00230624                                         
2D_p3_ref3_shy1_smo3_th0.75  2    3       3            1    3          0.75       6               0.041579        0.00229033                                         
2D_p3_ref3_shy1_smo3_th1.    2    3       3            1    3          1.         7               0.0446914       0.00219831                                         
2D_p3_ref3_shy2_smo1_th0.25  2    3       3            2    1          0.25       8               0.0345255       0.00159301                                         
2D_p3_ref3_shy2_smo1_th0.5   2    3       3            2    1          0.5        8               0.0340958       0.00157123                                         
2D_p3_ref3_shy2_smo1_th0.75  2    3       3            2    1          0.75       9               0.0362838       0.00156929                                         
2D_p3_ref3_shy2_smo1_th1.    2    3       3            2    1          1.         10              0.0373549       0.00148952                                         
2D_p3_ref3_shy2_smo2_th0.25  2    3       3            2    2          0.25       8               0.0440084       0.00191433                                         
2D_p3_ref3_shy2_smo2_th0.5   2    3       3            2    2          0.5        7               0.0382571       0.00191864                                         
2D_p3_ref3_shy2_smo2_th0.75  2    3       3            2    2          0.75       6               0.0324571       0.00188426                                         
2D_p3_ref3_shy2_smo2_th1.    2    3       3            2    2          1.         8               0.0387189       0.00179854                                         
2D_p3_ref3_shy2_smo3_th0.25  2    3       3            2    3          0.25       8               0.0541529       0.00225959                                         
2D_p3_ref3_shy2_smo3_th0.5   2    3       3            2    3          0.5        7               0.0468548       0.0022213                                          
2D_p3_ref3_shy2_smo3_th0.75  2    3       3            2    3          0.75       6               0.0396607       0.00219132                                         
2D_p3_ref3_shy2_smo3_th1.    2    3       3            2    3          1.         7               0.0424137       0.00207644                                         
2D_p3_ref3_shy3_smo1_th0.25  2    3       3            3    1          0.25       9               0.0368358       0.00153693                                         
2D_p3_ref3_shy3_smo1_th0.5   2    3       3            3    1          0.5        8               0.0320599       0.00153833                                         
2D_p3_ref3_shy3_smo1_th0.75  2    3       3            3    1          0.75       10              0.0370312       0.00147151                                         
2D_p3_ref3_shy3_smo1_th1.    2    3       3            3    1          1.         11              0.0384489       0.001409                                           
2D_p3_ref3_shy3_smo2_th0.25  2    3       3            3    2          0.25       8               0.0408664       0.00181436                                         
2D_p3_ref3_shy3_smo2_th0.5   2    3       3            3    2          0.5        7               0.0349526       0.0017946                                          
2D_p3_ref3_shy3_smo2_th0.75  2    3       3            3    2          0.75       6               0.0290708       0.00175889                                         
2D_p3_ref3_shy3_smo2_th1.    2    3       3            3    2          1.         7               0.031572        0.00168867                                         
2D_p3_ref3_shy3_smo3_th0.25  2    3       3            3    3          0.25       8               0.0483724       0.00206173                                         
2D_p3_ref3_shy3_smo3_th0.5   2    3       3            3    3          0.5        7               0.0417341       0.00206601                                         
2D_p3_ref3_shy3_smo3_th0.75  2    3       3            3    3          0.75       6               0.0345132       0.00200543                                         
2D_p3_ref3_shy3_smo3_th1.    2    3       3            3    3          1.         7               0.0376483       0.0019232                                          
2D_p3_ref4_shy1_smo1_th0.25  2    3       4            1    1          0.25       10              0.216842        0.00753793                                         
2D_p3_ref4_shy1_smo1_th0.5   2    3       4            1    1          0.5        9               0.193023        0.00731802                                         
2D_p3_ref4_shy1_smo1_th0.75  2    3       4            1    1          0.75       10              0.208502        0.00724401                                         
2D_p3_ref4_shy1_smo1_th1.    2    3       4            1    1          1.         14              0.278347        0.00717589                                         
2D_p3_ref4_shy1_smo2_th0.25  2    3       4            1    2          0.25       9               0.222675        0.00827131                                         
2D_p3_ref4_shy1_smo2_th0.5   2    3       4            1    2          0.5        9               0.217213        0.00802874                                         
2D_p3_ref4_shy1_smo2_th0.75  2    3       4            1    2          0.75       8               0.192963        0.00799367                                         
2D_p3_ref4_shy1_smo2_th1.    2    3       4            1    2          1.         10              0.230033        0.00786169                                         
2D_p3_ref4_shy1_smo3_th0.25  2    3       4            1    3          0.25       9               0.246638        0.00890512                                         
2D_p3_ref4_shy1_smo3_th0.5   2    3       4            1    3          0.5        9               0.242431        0.00877844                                         
2D_p3_ref4_shy1_smo3_th0.75  2    3       4            1    3          0.75       8               0.213888        0.00865165                                         
2D_p3_ref4_shy1_smo3_th1.    2    3       4            1    3          1.         8               0.207748        0.008462                                           
2D_p3_ref4_shy2_smo1_th0.25  2    3       4            2    1          0.25       10              0.213901        0.00744472                                         
2D_p3_ref4_shy2_smo1_th0.5   2    3       4            2    1          0.5        9               0.190344        0.00729562                                         
2D_p3_ref4_shy2_smo1_th0.75  2    3       4            2    1          0.75       10              0.205561        0.00719007                                         
2D_p3_ref4_shy2_smo1_th1.    2    3       4            2    1          1.         14              0.274           0.00704035                                         
2D_p3_ref4_shy2_smo2_th0.25  2    3       4            2    2          0.25       9               0.217396        0.00802754                                         
2D_p3_ref4_shy2_smo2_th0.5   2    3       4            2    2          0.5        9               0.213142        0.00792588                                         
2D_p3_ref4_shy2_smo2_th0.75  2    3       4            2    2          0.75       8               0.188746        0.00781978                                         
2D_p3_ref4_shy2_smo2_th1.    2    3       4            2    2          1.         10              0.223458        0.00775204                                         
2D_p3_ref4_shy2_smo3_th0.25  2    3       4            2    3          0.25       9               0.240269        0.00873326                                         
2D_p3_ref4_shy2_smo3_th0.5   2    3       4            2    3          0.5        9               0.235806        0.00866239                                         
2D_p3_ref4_shy2_smo3_th0.75  2    3       4            2    3          0.75       8               0.207566        0.00832129                                         
2D_p3_ref4_shy2_smo3_th1.    2    3       4            2    3          1.         8               0.201213        0.00825498                                         
2D_p3_ref4_shy3_smo1_th0.25  2    3       4            3    1          0.25       10              0.208789        0.00731959                                         
2D_p3_ref4_shy3_smo1_th0.5   2    3       4            3    1          0.5        9               0.185161        0.00708948                                         
2D_p3_ref4_shy3_smo1_th0.75  2    3       4            3    1          0.75       10              0.199966        0.00699353                                         
2D_p3_ref4_shy3_smo1_th1.    2    3       4            3    1          1.         15              0.285373        0.0068999                                          
2D_p3_ref4_shy3_smo2_th0.25  2    3       4            3    2          0.25       9               0.207366        0.00777576                                         
2D_p3_ref4_shy3_smo2_th0.5   2    3       4            3    2          0.5        9               0.203289        0.00759835                                         
2D_p3_ref4_shy3_smo2_th0.75  2    3       4            3    2          0.75       8               0.178619        0.00753662                                         
2D_p3_ref4_shy3_smo2_th1.    2    3       4            3    2          1.         10              0.214392        0.00744569                                         
2D_p3_ref4_shy3_smo3_th0.25  2    3       4            3    3          0.25       9               0.225668        0.00830695                                         
2D_p3_ref4_shy3_smo3_th0.5   2    3       4            3    3          0.5        9               0.220099        0.00807949                                         
2D_p3_ref4_shy3_smo3_th0.75  2    3       4            3    3          0.75       8               0.194065        0.00805637                                         
2D_p3_ref4_shy3_smo3_th1.    2    3       4            3    3          1.         8               0.190222        0.00783725                                         
2D_p3_ref5_shy1_smo1_th0.25  2    3       5            1    1          0.25       20              1.9844          0.052452                                           
2D_p3_ref5_shy1_smo1_th0.5   2    3       5            1    1          0.5        12              1.23387         0.0510256                                          
2D_p3_ref5_shy1_smo1_th0.75  2    3       5            1    1          0.75       12              1.22166         0.0549147                                          
2D_p3_ref5_shy1_smo1_th1.    2    3       5            1    1          1.         17              1.64789         0.0555522                                          
2D_p3_ref5_shy1_smo2_th0.25  2    3       5            1    2          0.25       19              2.00493         0.0510271                                          
2D_p3_ref5_shy1_smo2_th0.5   2    3       5            1    2          0.5        10              1.1111          0.050946                                           
2D_p3_ref5_shy1_smo2_th0.75  2    3       5            1    2          0.75       10              1.10876         0.052452                                           
2D_p3_ref5_shy1_smo2_th1.    2    3       5            1    2          1.         11              1.181           0.0541784                                          
2D_p3_ref5_shy1_smo3_th0.25  2    3       5            1    3          0.25       41              4.51633         0.0492799                                          
2D_p3_ref5_shy1_smo3_th0.5   2    3       5            1    3          0.5        10              1.16864         0.050775                                           
2D_p3_ref5_shy1_smo3_th0.75  2    3       5            1    3          0.75       10              1.16205         0.0527273                                          
2D_p3_ref5_shy1_smo3_th1.    2    3       5            1    3          1.         9               1.04661         0.0522987                                          
2D_p3_ref5_shy2_smo1_th0.25  2    3       5            2    1          0.25       20              1.96421         0.0507688                                          
2D_p3_ref5_shy2_smo1_th0.5   2    3       5            2    1          0.5        12              1.22288         0.0539458                                          
2D_p3_ref5_shy2_smo1_th0.75  2    3       5            2    1          0.75       12              1.21267         0.0541327                                          
2D_p3_ref5_shy2_smo1_th1.    2    3       5            2    1          1.         17              1.62924         0.0528671                                          
2D_p3_ref5_shy2_smo2_th0.25  2    3       5            2    2          0.25       19              1.98105         0.0517546                                          
2D_p3_ref5_shy2_smo2_th0.5   2    3       5            2    2          0.5        10              1.10338         0.051765                                           
2D_p3_ref5_shy2_smo2_th0.75  2    3       5            2    2          0.75       10              1.0954          0.0517372                                          
2D_p3_ref5_shy2_smo2_th1.    2    3       5            2    2          1.         11              1.16457         0.0543628                                          
2D_p3_ref5_shy2_smo3_th0.25  2    3       5            2    3          0.25       41              4.46324         0.0502334                                          
2D_p3_ref5_shy2_smo3_th0.5   2    3       5            2    3          0.5        10              1.15433         0.0503094                                          
2D_p3_ref5_shy2_smo3_th0.75  2    3       5            2    3          0.75       10              1.14498         0.0518082                                          
2D_p3_ref5_shy2_smo3_th1.    2    3       5            2    3          1.         9               1.02741         0.0525876                                          
2D_p3_ref5_shy3_smo1_th0.25  2    3       5            3    1          0.25       20              1.9343          0.0526502                                          
2D_p3_ref5_shy3_smo1_th0.5   2    3       5            3    1          0.5        13              1.29338         0.0515261                                          
2D_p3_ref5_shy3_smo1_th0.75  2    3       5            3    1          0.75       14              1.3713          0.0549942                                          
2D_p3_ref5_shy3_smo1_th1.    2    3       5            3    1          1.         22              2.05119         0.0533448                                          
2D_p3_ref5_shy3_smo2_th0.25  2    3       5            3    2          0.25       19              1.93354         0.0511203                                          
2D_p3_ref5_shy3_smo2_th0.5   2    3       5            3    2          0.5        10              1.07766         0.0513448                                          
2D_p3_ref5_shy3_smo2_th0.75  2    3       5            3    2          0.75       10              1.04067         0.0517977                                          
2D_p3_ref5_shy3_smo2_th1.    2    3       5            3    2          1.         12              1.23526         0.0526584                                          
2D_p3_ref5_shy3_smo3_th0.25  2    3       5            3    3          0.25       18              1.91167         0.0501015                                          
2D_p3_ref5_shy3_smo3_th0.5   2    3       5            3    3          0.5        10              1.11721         0.0510937                                          
2D_p3_ref5_shy3_smo3_th0.75  2    3       5            3    3          0.75       10              1.10749         0.0527466                                          
2D_p3_ref5_shy3_smo3_th1.    2    3       5            3    3          1.         9               1.00074         0.0518822                                          
2D_p3_ref7_shy1_smo1_th0.25  2    3       7            1    1          0.25       55              89.4017         1.11423                                            
2D_p3_ref7_shy1_smo1_th0.5   2    3       7            1    1          0.5        22              35.888          1.09914                                            
2D_p3_ref7_shy1_smo1_th0.75  2    3       7            1    1          0.75       22              35.7672         0.996966                                           
2D_p3_ref7_shy1_smo1_th1.    2    3       7            1    1          1.         73              118.84          0.99552                                            
2D_p3_ref7_shy1_smo2_th0.25  2    3       7            1    2          0.25       51              84.777          1.14708                                            
2D_p3_ref7_shy1_smo2_th0.5   2    3       7            1    2          0.5        14              24.0495         1.10862                                            
2D_p3_ref7_shy1_smo2_th0.75  2    3       7            1    2          0.75       14              23.8202         0.986724                                           
2D_p3_ref7_shy1_smo2_th1.    2    3       7            1    2          1.         18              30.1665         1.00914                                            
2D_p3_ref7_shy1_smo3_th0.25  2    3       7            1    3          0.25       73              123.766         1.09346                                            
2D_p3_ref7_shy1_smo3_th0.5   2    3       7            1    3          0.5        13              22.9036         1.14608                                            
2D_p3_ref7_shy1_smo3_th0.75  2    3       7            1    3          0.75       13              22.6262         0.914546                                           
2D_p3_ref7_shy1_smo3_th1.    2    3       7            1    3          1.         13              22.4801         0.920111                                           
2D_p3_ref7_shy2_smo1_th0.25  2    3       7            2    1          0.25       54              87.9485         1.09852                                            
2D_p3_ref7_shy2_smo1_th0.5   2    3       7            2    1          0.5        22              35.9254         1.11783                                            
2D_p3_ref7_shy2_smo1_th0.75  2    3       7            2    1          0.75       22              35.8536         0.953798                                           
2D_p3_ref7_shy2_smo1_th1.    2    3       7            2    1          1.         72              116.29          0.951239                                           
2D_p3_ref7_shy2_smo2_th0.25  2    3       7            2    2          0.25       51              84.3519         1.08875                                            
2D_p3_ref7_shy2_smo2_th0.5   2    3       7            2    2          0.5        14              23.9672         1.1306                                             
2D_p3_ref7_shy2_smo2_th0.75  2    3       7            2    2          0.75       14              23.7721         0.989874                                           
2D_p3_ref7_shy2_smo2_th1.    2    3       7            2    2          1.         18              29.9605         0.992219                                           
2D_p3_ref7_shy2_smo3_th0.25  2    3       7            2    3          0.25       73              123.403         1.14128                                            
2D_p3_ref7_shy2_smo3_th0.5   2    3       7            2    3          0.5        13              22.7356         1.1278                                             
2D_p3_ref7_shy2_smo3_th0.75  2    3       7            2    3          0.75       13              22.594          0.983969                                           
2D_p3_ref7_shy2_smo3_th1.    2    3       7            2    3          1.         13              22.4981         0.987256                                           
2D_p3_ref7_shy3_smo1_th0.25  2    3       7            3    1          0.25       46              74.4691         1.11429                                            
2D_p3_ref7_shy3_smo1_th0.5   2    3       7            3    1          0.5        24              38.6868         1.09391                                            
2D_p3_ref7_shy3_smo1_th0.75  2    3       7            3    1          0.75       26              41.862          0.952806                                           
2D_p3_ref7_shy3_smo1_th1.    2    3       7            3    1          1.         70              112.963         0.954393                                           
2D_p3_ref7_shy3_smo2_th0.25  2    3       7            3    2          0.25       38              63.1609         1.10525                                            
2D_p3_ref7_shy3_smo2_th0.5   2    3       7            3    2          0.5        14              23.7955         1.12715                                            
2D_p3_ref7_shy3_smo2_th0.75  2    3       7            3    2          0.75       15              25.0962         0.987179                                           
2D_p3_ref7_shy3_smo2_th1.    2    3       7            3    2          1.         21              34.4562         0.993741                                           
2D_p3_ref7_shy3_smo3_th0.25  2    3       7            3    3          0.25       50              83.4975         1.14498                                            
2D_p3_ref7_shy3_smo3_th0.5   2    3       7            3    3          0.5        12              20.9264         1.14509                                            
2D_p3_ref7_shy3_smo3_th0.75  2    3       7            3    3          0.75       13              22.288          0.998642                                           
2D_p3_ref7_shy3_smo3_th1.    2    3       7            3    3          1.         13              22.1907         0.918952                                           
2D_p3_ref8_shy1_smo1_th0.25  2    3       8            1    1          0.25       100             724.293         5.74816                                            
2D_p3_ref8_shy1_smo1_th0.5   2    3       8            1    1          0.5        55              396.875         5.62392                                            
2D_p3_ref8_shy1_smo1_th0.75  2    3       8            1    1          0.75       26              188.034         4.54066                                            
2D_p3_ref8_shy1_smo1_th1.    2    3       8            1    1          1.         100             721.733         4.71529                                            
2D_p3_ref8_shy1_smo2_th0.25  2    3       8            1    2          0.25       100             730.698         5.6461                                             
2D_p3_ref8_shy1_smo2_th0.5   2    3       8            1    2          0.5        72              528.592         5.55323                                            
2D_p3_ref8_shy1_smo2_th0.75  2    3       8            1    2          0.75       16              117.86          5.11379                                            
2D_p3_ref8_shy1_smo2_th1.    2    3       8            1    2          1.         24              174.34          5.38585                                            
2D_p3_ref8_shy1_smo3_th0.25  2    3       8            1    3          0.25       100             739.911         5.69823                                            
2D_p3_ref8_shy1_smo3_th0.5   2    3       8            1    3          0.5        100             740.746         5.49355                                            
2D_p3_ref8_shy1_smo3_th0.75  2    3       8            1    3          0.75       14              105.289         5.14846                                            
2D_p3_ref8_shy1_smo3_th1.    2    3       8            1    3          1.         15              111.09          5.3135                                             
2D_p3_ref8_shy2_smo1_th0.25  2    3       8            2    1          0.25       100             719.727         5.61638                                            
2D_p3_ref8_shy2_smo1_th0.5   2    3       8            2    1          0.5        55              399.17          5.57583                                            
2D_p3_ref8_shy2_smo1_th0.75  2    3       8            2    1          0.75       26              185.211         5.25561                                            
2D_p3_ref8_shy2_smo1_th1.    2    3       8            2    1          1.         100             717.851         5.2919                                             
2D_p3_ref8_shy2_smo2_th0.25  2    3       8            2    2          0.25       90              651.962         5.41124                                            
2D_p3_ref8_shy2_smo2_th0.5   2    3       8            2    2          0.5        69              502.853         5.72676                                            
2D_p3_ref8_shy2_smo2_th0.75  2    3       8            2    2          0.75       16              118.34          5.17391                                            
2D_p3_ref8_shy2_smo2_th1.    2    3       8            2    2          1.         24              173.241         5.27984                                            
2D_p3_ref8_shy2_smo3_th0.25  2    3       8            2    3          0.25       100             738.8           5.54754                                            
2D_p3_ref8_shy2_smo3_th0.5   2    3       8            2    3          0.5        21              154.827         5.75678                                            
2D_p3_ref8_shy2_smo3_th0.75  2    3       8            2    3          0.75       14              104.339         5.41028                                            
2D_p3_ref8_shy2_smo3_th1.    2    3       8            2    3          1.         15              113.255         4.70294                                            
2D_p3_ref8_shy3_smo1_th0.25  2    3       8            3    1          0.25       100             720.11          5.71447                                            
2D_p3_ref8_shy3_smo1_th0.5   2    3       8            3    1          0.5        69              501.482         5.59863                                            
2D_p3_ref8_shy3_smo1_th0.75  2    3       8            3    1          0.75       30              215.293         4.57696                                            
2D_p3_ref8_shy3_smo1_th1.    2    3       8            3    1          1.         100             717.534         4.80719                                            
2D_p3_ref8_shy3_smo2_th0.25  2    3       8            3    2          0.25       100             725.218         5.59338                                            
2D_p3_ref8_shy3_smo2_th0.5   2    3       8            3    2          0.5        48              349.812         5.53531                                            
2D_p3_ref8_shy3_smo2_th0.75  2    3       8            3    2          0.75       16              118.255         4.49784                                            
2D_p3_ref8_shy3_smo2_th1.    2    3       8            3    2          1.         29              209.039         4.83533                                            
2D_p3_ref8_shy3_smo3_th0.25  2    3       8            3    3          0.25       100             736.136         5.57425                                            
2D_p3_ref8_shy3_smo3_th0.5   2    3       8            3    3          0.5        27              197.204         5.50739                                            
2D_p3_ref8_shy3_smo3_th0.75  2    3       8            3    3          0.75       14              104.808         4.66649                                            
2D_p3_ref8_shy3_smo3_th1.    2    3       8            3    3          1.         16              119.318         4.54503                                            
2D_p3_ref9_shy1_smo1_th0.25  2    3       9            1    1          0.25       100             5481.22         30.1703                                            
2D_p3_ref9_shy1_smo1_th0.5   2    3       9            1    1          0.5        100             5458.93         30.0751                                            
2D_p3_ref9_shy1_smo1_th0.75  2    3       9            1    1          0.75       38              2082.17         29.4511                                            
2D_p3_ref9_shy1_smo1_th1.    2    3       9            1    1          1.         100             5466.03         30.7101                                            
2D_p3_ref9_shy1_smo2_th0.75  2    3       9            1    2          0.75       17              946.194         31.0161                                            
2D_p3_ref9_shy1_smo2_th1.    2    3       9            1    2          1.         37              2068.71         30.274                                             
